{
  "Total" : {
    "transaction" : "Total",
    "sampleCount" : 120,
    "errorCount" : 20,
    "errorPct" : 16.666666,
    "meanResTime" : 10.075,
    "medianResTime" : 4.0,
    "minResTime" : 1.0,
    "maxResTime" : 219.0,
    "pct1ResTime" : 14.0,
    "pct2ResTime" : 57.949999999999534,
    "pct3ResTime" : 219.0,
    "throughput" : 189.2744479495268,
    "receivedKBytesPerSec" : 404.12435922712933,
    "sentKBytesPerSec" : 60.31890772870663
  },
  "HTTP Request" : {
    "transaction" : "HTTP Request",
    "sampleCount" : 120,
    "errorCount" : 20,
    "errorPct" : 16.666666,
    "meanResTime" : 10.075,
    "medianResTime" : 4.0,
    "minResTime" : 1.0,
    "maxResTime" : 219.0,
    "pct1ResTime" : 14.0,
    "pct2ResTime" : 57.949999999999534,
    "pct3ResTime" : 219.0,
    "throughput" : 189.2744479495268,
    "receivedKBytesPerSec" : 404.12435922712933,
    "sentKBytesPerSec" : 60.31890772870663
  }
}